{"cameraMode":{"drawMode":0,"name":"Shaded","section":"Shading Mode"},"sceneLighting":true,"audioPlay":false,"sceneViewState":{"showFog":true,"showMaterialUpdate":false,"showSkybox":true,"showFlares":true,"showImageEffects":true,"showParticleSystems":true},"in2DMode":false,"pivot":{"x":2.675891399383545,"y":12.996353149414063,"z":9.439128875732422},"rotation":{"x":-0.4976170063018799,"y":-0.01017607469111681,"z":0.006111715454608202,"w":-0.8674870133399963},"size":71.9882583618164,"orthographic":false}